County,Year,DiabetesCases,PerCapitaIncome,Population,TotalPhysicians,PhysicianRatePer100000,SqMiles,ObesityCases,PhysicallyInactiveCases,PopulationDensity
APPLING,2013,1362,28633,18440,11,59.65292842,512.3,3317,3227,35.99453445246926
APPLING,2015,1150,31458,18454,12,65.02655251,512.3,3145,2517,36.02186219012298
APPLING,2017,1132,33085,18521,11,59.39204147,512.3,3249,2183,36.15264493460863
APPLING,2020,1508,39134,18106,9,49.70727935,512.3,3224,2928,35.342572711301976
ATKINSON,2013,425,25093,8290,1,12.06272618,344.5,1337,1212,24.063860667634252
ATKINSON,2015,493,27336,8398,1,11.90759705,344.5,1232,1069,24.37735849056604
ATKINSON,2017,469,29038,8342,0,0,344.5,1307,906,24.21480406386067
ATKINSON,2020,499,32289,7971,1,12.54547736,344.5,1166,898,23.137880986937592
BACON,2013,579,27008,11216,10,89.15834522,285.8,1815,1731,39.244226731980405
BACON,2015,601,29141,11299,8,70.8027259,285.8,1718,1386,39.534639608117566
BACON,2017,663,31143,11319,6,53.00821627,285.8,1712,1247,39.60461861441567
BACON,2020,779,37448,11228,8,71.25044532,285.8,1789,1488,39.28621413575927
BAKER,2013,237,37748,3341,2,59.86231667,349.1,570,511,9.570323689487251
BAKER,2015,230,33640,3180,2,62.89308176,349.1,525,404,9.109137782870237
BAKER,2017,230,35424,3200,3,93.75,349.1,521,405,9.16642795760527
BAKER,2020,252,45061,2942,2,67.98096533,349.1,408,409,8.427384703523344
BALDWIN,2013,3629,27729,46039,46,99.91528921,268.3,9763,7103,171.59522922102124
BALDWIN,2015,3085,30472,45459,38,83.591808,268.3,7764,5563,169.43346999627283
BALDWIN,2017,2717,32387,44906,31,69.03309135,268.3,7809,6553,167.3723443906075
BALDWIN,2020,3144,37644,44884,38,84.66268604,268.3,11773,7784,167.29034662691018
BANKS,2013,1045,29739,18415,3,16.29106706,234.4,2812,2489,78.56228668941979
BANKS,2015,1179,33435,18495,5,27.0343336,234.4,2984,2491,78.90358361774744
BANKS,2017,1396,36627,18634,1,5.366534292,234.4,3530,2792,79.49658703071673
BANKS,2020,1319,39236,19758,4,20.24496407,234.4,2916,2644,84.29180887372013
BARROW,2013,4716,30839,71453,27,37.78707682,162.9,14428,13205,438.63106200122775
BARROW,2015,5862,33793,75370,28,37.15005971,162.9,12943,13954,462.67648864333944
BARROW,2017,5878,36018,79061,36,45.53446073,162.9,15941,11642,485.3345610804174
BARROW,2020,5758,41874,88052,30,34.07077636,162.9,18501,14560,540.5279312461632
BARTOW,2013,7561,31428,101273,54,53.32122086,469.5,21203,17369,215.70394036208734
BARTOW,2015,7871,34702,102747,58,56.44933672,469.5,20023,18831,218.84345047923324
BARTOW,2017,7868,36745,105054,53,50.45024464,469.5,17769,18522,223.75718849840257
BARTOW,2020,7985,43677,110458,63,57.03525322,469.5,23781,19370,235.26730564430244
BEN HILL,2013,1468,27108,17515,23,131.3160148,253.9,3557,2772,68.98385191020087
BEN HILL,2015,1130,29314,17403,10,57.46135724,253.9,3209,2626,68.54273335959039
BEN HILL,2017,1038,28784,16996,8,47.0698988,253.9,2981,2385,66.93974005513982
BEN HILL,2020,1398,35045,16456,8,48.61448712,253.9,3304,2604,64.81291847183931
BERRIEN,2013,1509,27303,19048,4,20.99958001,457.9,3875,3512,41.59860231491592
BERRIEN,2015,1408,29998,18963,5,26.367136,457.9,3102,3203,41.412972264686616
BERRIEN,2017,1478,32135,19186,5,26.06066924,457.9,3643,2674,41.899978161170566
BERRIEN,2020,1657,37707,19659,4,20.3469149,457.9,3776,3089,42.93295479362306
BIBB,2013,12772,34173,154721,197,127.3259609,254.9,31762,27227,606.9870537465673
BIBB,2015,12775,36644,153721,204,132.7079579,254.9,32618,31348,603.0639466457434
BIBB,2017,14333,38312,152862,203,132.7995185,254.9,35076,30718,599.6939976461357
BIBB,2020,19090,43114,153671,273,177.6522571,254.9,41855,28202,602.8677912907023
BLECKLEY,2013,991,31150,12771,8,62.64192311,219.1,2098,2254,58.28845276129621
BLECKLEY,2015,916,32655,12243,6,49.00759618,219.1,2000,2047,55.87859424920128
BLECKLEY,2017,863,33545,12830,5,38.97116134,219.1,2250,1729,58.55773619351894
BLECKLEY,2020,799,39434,12977,7,53.94158897,219.1,2476,2198,59.22866271109083
BRANTLEY,2013,1155,23483,18292,3,16.40061229,447.2,3446,3143,40.903398926654745
BRANTLEY,2015,1147,25922,18455,2,10.8371715,447.2,2939,2898,41.26788908765653
BRANTLEY,2017,1125,27096,18731,3,16.01622978,447.2,2986,2064,41.8850626118068
BRANTLEY,2020,1447,32305,19357,2,10.33217957,447.2,3980,3745,43.28488372093023
BROOKS,2013,1488,29275,15516,4,25.77984016,497.8,3014,3031,31.16914423463238
BROOKS,2015,1315,31129,15658,6,38.31907012,497.8,2829,2823,31.454399357171553
BROOKS,2017,1120,32301,15587,3,19.24680824,497.8,2714,2309,31.31177179590197
BROOKS,2020,1377,37748,15413,2,12.97605917,497.8,3105,2622,30.962233828846927
BRYAN,2013,1936,43312,33157,14,42.22336158,454.5,5060,5210,72.95269526952696
BRYAN,2015,2065,46043,35137,21,59.76605857,454.5,4874,4917,77.30913091309131
BRYAN,2017,2051,46815,37060,12,32.37992445,454.5,6431,4220,81.54015401540154
BRYAN,2020,2389,51941,42763,25,58.46175432,454.5,7800,5141,94.08800880088009
BULLOCH,2013,5388,27736,71214,38,53.36029432,688.6,15382,12353,103.4185303514377
BULLOCH,2015,5201,29748,72651,42,57.8106289,688.6,12842,11623,105.50537322102817
BULLOCH,2017,5219,31031,76149,43,56.4682399,688.6,15165,12406,110.58524542550101
BULLOCH,2020,6167,35955,84340,52,61.65520512,688.6,19545,13906,122.48039500435667
BURKE,2013,1855,28821,22923,13,56.7115997,835,4049,3481,27.452694610778444
BURKE,2015,1484,31628,22745,11,48.36227742,835,3690,3233,27.239520958083833
BURKE,2017,1411,32427,22522,10,44.4010301,835,3622,2582,26.97245508982036
BURKE,2020,2115,39461,22271,10,44.90144134,835,4915,4049,26.67185628742515
BUTTS,2013,1341,27802,23361,10,42.80638671,188,3915,3852,124.26063829787235
BUTTS,2015,1454,30233,23593,14,59.33963464,188,3616,3413,125.49468085106383
BUTTS,2017,1512,32430,24059,9,37.40803857,188,4107,2885,127.97340425531915
BUTTS,2020,2280,37629,26424,12,45.41326067,188,4594,3520,140.5531914893617
CALHOUN,2013,510,23148,6523,4,61.32147785,283.6,1220,1087,23.00070521861777
CALHOUN,2015,497,23630,6479,2,30.86896126,283.6,1078,846,22.845557122708037
CALHOUN,2017,474,26298,6455,4,61.96746708,283.6,1020,838,22.760930888575455
CALHOUN,2020,489,32097,5861,2,34.12386965,283.6,860,852,20.666431593794073
CAMDEN,2013,3127,31019,51476,33,64.10754526,781.9,10294,8098,65.83450569126487
CAMDEN,2015,4010,32821,52102,30,57.57936356,781.9,9576,8093,66.63511958050901
CAMDEN,2017,4453,35547,53044,30,56.55682075,781.9,11686,9922,67.83987722215117
CAMDEN,2020,4008,39770,56696,32,56.44137153,781.9,13909,9234,72.5105512213838
CANDLER,2013,693,26496,10937,11,100.5760263,248.9,1665,1850,43.941341904379264
CANDLER,2015,737,27873,10886,8,73.48888481,248.9,1622,1404,43.736440337484936
CANDLER,2017,739,30878,10797,5,46.30915995,248.9,1712,1248,43.378867014865406
CANDLER,2020,745,36647,10755,4,37.19200372,248.9,1735,1400,43.21012454801125
CARROLL,2013,7571,32039,112355,66,58.74237907,503.8,19310,19899,223.0150853513299
CARROLL,2015,8068,34807,114545,65,56.74625693,503.8,23456,21200,227.36204843191743
CARROLL,2017,7976,37493,117812,66,56.02145792,503.8,28156,23435,233.84676458912267
CARROLL,2020,10618,44781,123982,74,59.68608346,503.8,28641,22890,246.0936879714172
CATOOSA,2013,4807,30038,65311,44,67.36996831,162.5,10475,12157,401.9138461538462
CATOOSA,2015,4765,32134,66050,37,56.01816805,162.5,12545,11402,406.46153846153845
CATOOSA,2017,5728,33750,66550,32,48.08414726,162.5,12968,10544,409.53846153846155
CATOOSA,2020,5255,38879,67980,40,58.84083554,162.5,15896,14912,418.33846153846156
CHARLTON,2013,807,21757,13255,5,37.72161449,782.4,2444,2584,16.941462167689163
CHARLTON,2015,825,23076,12965,4,30.85229464,782.4,2193,1915,16.570807770961146
CHARLTON,2017,823,25349,12715,8,62.91781361,782.4,2148,1585,16.251278118609406
CHARLTON,2020,944,29050,14338,4,27.89789371,782.4,2875,2072,18.325664621676893
CHATHAM,2013,20606,39996,278434,237,85.11891508,630,55432,47772,441.95873015873013
CHATHAM,2015,20989,42533,286956,255,88.86379793,630,63254,48481,455.48571428571427
CHATHAM,2017,19608,44388,290501,272,93.63134722,630,64085,50269,461.1126984126984
CHATHAM,2020,24413,51366,289958,325,112.0851985,630,68197,52623,460.25079365079364
CHATTAHOOCHEE,2013,370,27838,12842,2,15.57389815,251.2,1774,1448,51.12261146496815
CHATTAHOOCHEE,2015,338,30536,11368,5,43.98311049,251.2,1649,1087,45.254777070063696
CHATTAHOOCHEE,2017,304,33895,10343,22,212.7042444,251.2,1554,989,41.17436305732484
CHATTAHOOCHEE,2020,356,34644,11521,0,0,251.2,1350,960,45.863853503184714
CHATTOOGA,2013,1631,26120,25138,6,23.86824728,313.5,4826,4218,80.18500797448166
CHATTOOGA,2015,1550,27891,24922,11,44.13770965,313.5,4392,3956,79.49601275917065
CHATTOOGA,2017,1675,29514,24770,8,32.29713363,313.5,3966,3585,79.01116427432217
CHATTOOGA,2020,2104,33447,24803,6,24.1906221,313.5,6231,4463,79.11642743221691
CHEROKEE,2013,12864,41285,225106,102,45.31198635,434.3,38935,33257,518.3191342390053
CHEROKEE,2015,11930,46018,235900,121,51.29292073,434.3,37295,33036,543.1729219433571
CHEROKEE,2017,18584,49713,247573,122,49.27839466,434.3,59887,41013,570.0506562284136
CHEROKEE,2020,19785,57355,268491,148,55.12289053,434.3,57771,39966,618.2155192263413
CLARKE,2013,6311,27185,121265,126,103.9046716,121.1,19715,19656,1001.3625103220479
CLARKE,2015,6463,30043,123912,135,108.9482859,121.1,19204,18617,1023.2204789430224
CLARKE,2017,7072,31887,127064,146,114.9027262,121.1,23796,20398,1049.2485549132948
CLARKE,2020,8592,37715,130457,177,135.6768897,121.1,27945,17308,1077.2667217175888
CLAY,2013,270,27513,3045,1,32.8407225,217.2,493,486,14.019337016574587
CLAY,2015,270,28233,3141,1,31.83699459,217.2,506,411,14.46132596685083
CLAY,2017,220,30883,2962,1,33.76097232,217.2,508,419,13.637200736648252
CLAY,2020,257,39165,2734,1,36.57644477,217.2,457,417,12.587476979742174
CLAYTON,2013,20260,24343,264220,122,46.17364318,144.4,69460,46677,1829.7783933518006
CLAYTON,2015,21368,25775,273955,117,42.70774397,144.4,61231,52190,1897.1952908587257
CLAYTON,2017,20936,26322,285153,109,38.2250932,144.4,62096,64735,1974.7437673130194
CLAYTON,2020,26099,31757,298374,121,40.55313131,144.4,71613,59751,2066.3019390581717
CLINCH,2013,422,30158,6795,1,14.71670346,824,1071,1006,8.24635922330097
CLINCH,2015,418,33185,6893,2,29.0149427,824,1013,855,8.365291262135923
CLINCH,2017,374,34809,6727,3,44.59640256,824,1013,720,8.16383495145631
CLINCH,2020,572,41018,6648,3,45.12635379,824,1170,975,8.067961165048544
COBB,2013,45052,45370,717190,449,62.60544626,344.4,115403,93687,2082.4332171893147
COBB,2015,40633,50014,741334,464,62.58987177,344.4,138790,102104,2152.5377468060396
COBB,2017,48761,55137,755754,554,73.30427626,344.4,166226,120605,2194.4076655052268
COBB,2020,47392,62551,768283,653,84.994722,344.4,167802,112449,2230.7868757259002
COFFEE,2013,2725,26786,43220,26,60.15733457,602.7,8088,8820,71.71063547370167
COFFEE,2015,3286,29226,43108,31,71.91240605,602.7,7241,7473,71.5248050439688
COFFEE,2017,2789,31161,43014,27,62.77026085,602.7,7297,7174,71.36884021901443
COFFEE,2020,3489,35602,43709,31,70.92360841,602.7,8175,8226,72.5219844035175
COLQUITT,2013,3108,26829,46275,28,60.5078336,556.6,9342,9729,83.13869924541861
COLQUITT,2015,3186,29476,45844,27,58.89538435,556.6,7377,8129,82.36435501257635
COLQUITT,2017,3693,31960,45835,27,58.90694884,556.6,9356,7143,82.34818541142651
COLQUITT,2020,3495,37726,45890,38,82.8067117,556.6,8858,7626,82.44699964067553
COLUMBIA,2013,8506,43112,135416,70,51.69256218,307.7,26796,20881,440.09099772505687
COLUMBIA,2015,10214,46501,144052,85,59.00646989,307.7,24855,19705,468.15729606759834
COLUMBIA,2017,10336,48800,151579,112,73.88886323,307.7,37881,26436,492.61943451413714
COLUMBIA,2020,10409,55580,161988,100,61.73296787,307.7,36780,26951,526.44783880403
COOK,2013,1135,27933,17066,8,46.87683113,233.2,2765,2607,73.18181818181819
COOK,2015,1174,29628,17124,8,46.71805653,233.2,2615,2664,73.43053173241853
COOK,2017,1362,30866,17277,5,28.94020953,233.2,3249,2830,74.08662092624357
COOK,2020,1790,36499,17468,6,34.34852301,233.2,3236,3481,74.9056603773585
COWETA,2013,9070,38575,133180,78,58.56735246,446,22411,20879,298.609865470852
COWETA,2015,8874,42091,138427,76,54.90258403,446,23245,19665,310.3744394618834
COWETA,2017,10221,45969,143114,77,53.80326174,446,27272,23799,320.8834080717489
COWETA,2020,11389,53350,153531,82,53.409409170000004,446,38451,28043,344.23991031390136
CRAWFORD,2013,916,28871,12504,2,15.99488164,326.5,2008,2622,38.29709035222052
CRAWFORD,2015,885,31776,12388,2,16.14465612,326.5,2003,1875,37.94180704441041
CRAWFORD,2017,831,33640,12295,2,16.26677511,326.5,2046,1492,37.65696784073507
CRAWFORD,2020,1048,37331,12544,1,7.971938776,326.5,2114,1938,38.41960183767228
CRISP,2013,1629,27202,23336,19,81.41926637,280.9,3970,3980,83.07582769668922
CRISP,2015,1767,30188,22881,17,74.29745203,280.9,3718,3188,81.45603417586331
CRISP,2017,2008,33420,22736,21,92.36453202,280.9,4327,3499,80.93983624065504
CRISP,2020,1754,41968,21882,18,82.25939128,280.9,3304,3564,77.8996084015664
DADE,2013,1050,28545,16507,23,139.3348276,174.3,3035,2535,94.70453241537578
DADE,2015,1000,31735,16264,4,24.59419577,174.3,2616,2261,93.31038439472174
DADE,2017,1150,33350,16285,9,55.26558182,174.3,3178,2541,93.43086632243258
DADE,2020,1010,37930,15894,5,31.45841198,174.3,2272,2400,91.18760757314973
DAWSON,2013,1369,35446,22686,19,83.7520938,214.4,3835,3132,105.8115671641791
DAWSON,2015,1464,39778,23312,20,85.79272478,214.4,3701,3115,108.73134328358209
DAWSON,2017,1750,43878,24379,18,73.83403749,214.4,4930,3032,113.7080223880597
DAWSON,2020,2124,51885,28070,20,71.25044532,214.4,5397,4204,130.92350746268656
DECATUR,2013,1902,30233,27359,19,69.44698271,623.2,4995,4577,43.90083440308087
DECATUR,2015,1910,30597,27174,19,69.91977626,623.2,4004,4132,43.603979460847235
DECATUR,2017,2261,31292,26716,64,239.5568199,623.2,4936,3409,42.869062901155324
DECATUR,2020,2355,37647,26066,10,38.36415254,623.2,6213,5370,41.82605905006418
DEKALB,2013,51816,39353,713340,791,110.8868141,271.1,141190,112088,2631.2799704905938
DEKALB,2015,51413,44121,734871,834,113.4893063,271.1,125474,104529,2710.700848395426
DEKALB,2017,46741,48721,753253,803,106.6042883,271.1,150465,116821,2778.5060863150125
DEKALB,2020,61799,55996,768079,1162,151.2865213,271.1,150941,112769,2833.1943932128365
DODGE,2013,1966,26413,21221,14,65.97238584,503.1,3985,4248,42.18048101769032
DODGE,2015,1929,27909,20882,20,95.77626664,503.1,3521,3338,41.50665871596104
DODGE,2017,1651,30017,20730,13,62.71104679,503.1,3793,3247,41.20453190220632
DODGE,2020,1958,34673,20229,10,49.43398092,503.1,4437,4587,40.208706022659506
DOOLY,2013,1040,24373,14304,2,13.98210291,397.3,2588,2323,36.00302038761641
DOOLY,2015,1165,27786,14035,1,7.125044532,397.3,2505,1967,35.325950163604325
DOOLY,2017,1368,33217,13737,1,7.279609813,397.3,2546,1874,34.57588723886232
DOOLY,2020,1264,40575,12752,3,23.52572146,397.3,2496,1987,32.096652403725145
DOUGHERTY,2013,7229,30531,92969,94,101.1089718,334.6,20573,18209,277.8511655708308
DOUGHERTY,2015,6737,32490,91332,102,111.6804625,334.6,17519,14829,272.9587567244471
DOUGHERTY,2017,8647,33692,89502,82,91.6180644,334.6,20666,17507,267.489539748954
DOUGHERTY,2020,9154,40963,85468,116,135.7233116,334.6,23571,15289,255.43335325762104
DOUGLAS,2013,9701,30953,136379,58,42.52854178,201.1,27242,22415,678.1650919940329
DOUGLAS,2015,11087,32962,140733,70,49.73957778,201.1,23485,24957,699.8160119343611
DOUGLAS,2017,10731,34697,143882,60,41.70083819,201.1,30133,24565,715.4748881153655
DOUGLAS,2020,13301,40654,148981,78,52.35566951,201.1,32872,26375,740.8304326205867
EARLY,2013,675,31882,10542,6,56.91519636,516.3,1728,1583,20.41836141778036
EARLY,2015,775,32520,10575,4,37.8250591,516.3,1638,1353,20.482277745496805
EARLY,2017,723,33353,10296,4,38.85003885,516.3,1725,1344,19.941894247530506
EARLY,2020,761,40613,9998,6,60.0120024,516.3,1347,1764,19.36471043966686
ECHOLS,2013,195,24514,4057,0,0,420.7,578,518,9.643451390539576
ECHOLS,2015,194,26487,4040,0,0,420.7,581,425,9.603042548134063
ECHOLS,2017,185,28494,3936,0,0,420.7,624,395,9.355835512241503
ECHOLS,2020,231,33421,4018,0,0,420.7,495,464,9.550748752079867
EFFINGHAM,2013,3979,35483,54456,15,27.54517409,482.9,10388,7639,112.76868916960034
EFFINGHAM,2015,4253,38021,57106,17,29.76920113,482.9,10458,7527,118.25636777800787
EFFINGHAM,2017,3901,40675,59982,15,25.00750225,482.9,11604,9993,124.21205218471734
EFFINGHAM,2020,5138,44578,68432,16,23.38087444,482.9,15055,10117,141.71049906813005
ELBERT,2013,1382,29837,19599,9,45.92071024,374.2,3388,3474,52.3757349011224
ELBERT,2015,1219,32113,19364,11,56.80644495,374.2,3167,2741,51.74772848743987
ELBERT,2017,1307,34374,19109,10,52.33136219,374.2,3063,2412,51.06627471940139
ELBERT,2020,1315,38764,19392,8,41.25412541,374.2,2770,2852,51.822554783538216
EMANUEL,2013,1338,28048,22867,9,39.35802685,690.2,3923,4242,33.13097652854245
EMANUEL,2015,1468,29255,22708,11,48.44107803,690.2,3981,3781,32.900608519269774
EMANUEL,2017,1627,31618,22530,8,35.50821127,690.2,3721,2775,32.64271225731672
EMANUEL,2020,1887,37954,22724,12,52.8076043,690.2,5394,3297,32.92379020573747
EVANS,2013,717,29034,10833,7,64.61737284,186.9,1837,1707,57.96147672552167
EVANS,2015,706,32035,10787,6,55.62250858,186.9,1647,1524,57.71535580524344
EVANS,2017,607,32831,10775,8,74.24593968,186.9,1662,1315,57.65115034777956
EVANS,2020,729,36944,10558,3,28.41447244,186.9,1751,1527,56.49010165864098
FANNIN,2013,1687,28538,23760,19,79.96632997,392.3,4146,4467,60.56589344889115
FANNIN,2015,2165,32458,24303,17,69.95021191,392.3,3873,4005,61.950038236043845
FANNIN,2017,2389,36029,25322,14,55.28789195,392.3,5066,4326,64.54754014784604
FANNIN,2020,2540,42947,26602,19,71.42320126,392.3,4780,5841,67.81034922253377
FAYETTE,2013,7771,49915,108365,100,92.28071794,199.5,21331,14958,543.1829573934837
FAYETTE,2015,10266,55066,110714,107,96.6454107,199.5,22029,13459,554.9573934837093
FAYETTE,2017,8751,60008,112549,119,105.7317257,199.5,17215,14777,564.155388471178
FAYETTE,2020,9194,68059,116901,136,116.3377559,199.5,24148,16752,585.9699248120301
FLOYD,2013,8737,31802,95821,125,130.4515712,518.5,17759,18649,184.8042430086789
FLOYD,2015,8992,34748,96504,130,134.7094421,518.5,18305,18596,186.1215043394407
FLOYD,2017,7293,36165,97613,125,128.0567138,518.5,19826,17552,188.26036644165862
FLOYD,2020,10600,40944,99566,154,154.6712733,518.5,24653,22380,192.02700096432017
FORSYTH,2013,12690,52719,195405,100,51.17576316,247.2,32052,25132,790.4733009708739
FORSYTH,2015,12462,58861,212438,94,44.24820418,247.2,37392,28678,859.3770226537217
FORSYTH,2017,12957,61424,227967,151,66.2376572,247.2,40032,33916,922.1966019417476
FORSYTH,2020,17634,69446,258770,125,48.30544499,247.2,46218,30582,1046.8042071197412
FRANKLIN,2013,1633,30355,22009,13,59.06674542,266.3,3665,4820,82.64739016147202
FRANKLIN,2015,1635,35115,22311,11,49.30303438,266.3,3661,4022,83.78144949305295
FRANKLIN,2017,1436,35236,22820,10,43.82120947,266.3,3900,2810,85.69282763800224
FRANKLIN,2020,1534,35942,23979,10,41.70315693,266.3,3981,3144,90.04506196019527
FULTON,2013,55030,63333,984293,1179,119.7814066,534.4,169430,136152,1841.8656437125749
FULTON,2015,64740,73978,1010562,1306,129.2350197,534.4,192795,136772,1891.0217065868264
FULTON,2017,64822,83377,1041423,1385,132.9911093,534.4,196621,172562,1948.7705838323354
FULTON,2020,68227,92999,1091550,1650,151.1611928,534.4,217206,149070,2042.5711077844312
GILMER,2013,2063,29609,28579,16,55.98516393,431,5073,5230,66.30858468677494
GILMER,2015,2362,33129,29400,16,54.42176871,431,5152,5165,68.21345707656613
GILMER,2017,2833,34525,30674,14,45.6412597,431,5514,5347,71.16937354988399
GILMER,2020,3080,38423,32437,12,36.9947899,431,6957,6356,75.25986078886311
GLASCOCK,2013,179,28437,3102,0,0,144.5,473,448,21.46712802768166
GLASCOCK,2015,187,31186,3065,0,0,144.5,462,379,21.21107266435986
GLASCOCK,2017,177,33085,3062,0,0,144.5,486,339,21.19031141868512
GLASCOCK,2020,209,38951,2959,0,0,144.5,459,358,20.47750865051903
GLYNN,2013,5789,37916,81508,59,72.38553271,585.3,14880,15883,139.25849991457375
GLYNN,2015,7273,41386,83579,64,76.57425908,585.3,14101,13548,142.79685631300188
GLYNN,2017,7791,44105,85282,65,76.21772473,585.3,15825,15289,145.70647531180592
GLYNN,2020,8628,52711,85926,74,86.12061541,585.3,21183,18089,146.80676576114814
GORDON,2013,3142,29769,55757,35,62.77238732,358.7,9379,9062,155.4418734318372
GORDON,2015,3938,32589,56574,39,68.93626047,358.7,8563,8835,157.7195427934207
GORDON,2017,4270,36054,57089,35,61.30778259,358.7,9342,9082,159.1552829662671
GORDON,2020,5116,38340,58633,47,80.15963706,358.7,16355,12132,163.45971563981044
GRADY,2013,1608,28167,25278,14,55.38412849,460.3,4211,4876,54.91635889637193
GRADY,2015,1626,29300,25205,17,67.44693513,460.3,4004,4191,54.75776667390832
GRADY,2017,1922,30564,24819,14,56.40839679,460.3,4902,4169,53.9191831414295
GRADY,2020,2381,35506,24351,16,65.7057205,460.3,4917,3980,52.90245492070389
GREENE,2013,1423,41852,16321,9,55.14367992,406.2,2961,2880,40.179714426390944
GREENE,2015,1389,48128,16710,12,71.81328546,406.2,2823,2436,41.13737075332349
GREENE,2017,1286,54383,17281,13,75.22712806,406.2,3494,2799,42.543082225504676
GREENE,2020,1735,64295,19506,11,56.39290475,406.2,3548,3063,48.02067946824225
GWINNETT,2013,47390,34919,859304,468,54.46268143,437.3,153979,125782,1965.0217242167848
GWINNETT,2015,51190,37903,895823,515,57.48903522,437.3,158474,123608,2048.5319002972788
GWINNETT,2017,71309,39650,920260,547,59.43972356,437.3,191417,158020,2104.4134461468097
GWINNETT,2020,66264,45934,954076,588,61.63031037,437.3,194486,139279,2181.7425108621082
HABERSHAM,2013,2877,28969,43300,26,60.04618938,279.1,8263,8197,155.14152633464707
HABERSHAM,2015,2696,31109,43996,27,61.36921538,279.1,6826,6282,157.63525618058043
HABERSHAM,2017,2965,32833,44567,25,56.09531716,279.1,6875,5928,159.68111787889643
HABERSHAM,2020,3417,36900,45238,20,44.21061939,279.1,9492,8442,162.08527409530632
HALL,2013,13230,34552,187745,142,75.63450425,428.8,31206,29604,437.8381529850746
HALL,2015,14812,39185,193535,153,79.055468,428.8,35509,30073,451.34095149253733
HALL,2017,15627,42741,199335,176,88.29357614,428.8,38330,34335,464.8670708955224
HALL,2020,16871,50009,210247,208,98.93125705,428.8,43363,32221,490.3148320895522
HANCOCK,2013,692,23310,8879,4,45.05011826,477.8,1638,1486,18.583089158643784
HANCOCK,2015,853,25942,8551,3,35.08361595,477.8,1449,1121,17.896609460025115
HANCOCK,2017,794,27664,8561,1,11.6808784,477.8,1594,1094,17.917538719129343
HANCOCK,2020,834,32954,8635,0,0,477.8,1637,1154,18.07241523650063
HARALSON,2013,1812,29946,28495,15,52.64081418,283.2,4718,4927,100.61793785310735
HARALSON,2015,1864,32968,28854,16,55.45158384,283.2,4449,3830,101.88559322033899
HARALSON,2017,1616,35192,29256,16,54.68963631,283.2,4873,3530,103.30508474576271
HARALSON,2020,1952,40931,30254,16,52.88556885,283.2,4990,5825,106.82909604519774
HARRIS,2013,3013,40350,32663,3,9.184704406,473,5626,4957,69.05496828752642
HARRIS,2015,2456,43438,33381,5,14.97858063,473,6095,4865,70.57293868921776
HARRIS,2017,2469,46331,33915,9,26.53693056,473,5280,4566,71.70190274841438
HARRIS,2020,3919,52912,36588,5,13.66568274,473,7490,5843,77.35306553911205
HART,2013,1943,30981,25446,11,43.22879824,256.9,4312,4819,99.05021409108603
HART,2015,2014,34275,25534,10,39.16346832,256.9,3914,4583,99.39275982872714
HART,2017,1779,36458,25794,12,46.52244708,256.9,4212,3310,100.4048267808486
HART,2020,2285,41239,26473,10,37.77433612,256.9,4282,4316,103.04787855196575
HEARD,2013,702,26685,11558,2,17.30403184,301.1,1865,1842,38.385918299568246
HEARD,2015,719,29201,11539,2,17.33252448,301.1,1773,1434,38.32281634008635
HEARD,2017,744,31327,11730,1,8.52514919,301.1,1988,1299,38.95715709066755
HEARD,2020,776,36454,12027,1,8.314625426,301.1,1629,1596,39.94354035204251
HENRY,2013,15617,33377,211128,111,52.57474139,326.5,41267,31906,646.6401225114854
HENRY,2015,18370,35864,217739,120,55.1118541,326.5,43843,32884,666.8882082695253
HENRY,2017,17808,37818,225813,143,63.32673495,326.5,53219,38014,691.6171516079633
HENRY,2020,19869,42920,244227,141,57.73317446,326.5,68028,41063,748.0153139356814
HOUSTON,2013,10446,36695,147658,85,57.56545531,379.9,30627,23859,388.67596735983153
HOUSTON,2015,10377,39153,150033,95,63.31940306,379.9,31217,23994,394.9276125296131
HOUSTON,2017,9953,40565,153479,96,62.54927384,379.9,33542,24178,403.99842063700976
HOUSTON,2020,15867,45424,162543,100,61.52218182,379.9,41411,25719,427.8573308765465
IRWIN,2013,580,28028,9427,6,63.64697146,362.8,1521,1611,25.984013230429987
IRWIN,2015,695,30673,9245,4,43.26663061,362.8,1447,1257,25.482359426681366
IRWIN,2017,634,31169,9410,4,42.50797024,362.8,1531,1135,25.937155457552368
IRWIN,2020,644,37537,9456,5,52.87648054,362.8,1580,1232,26.063947078280044
JACKSON,2013,3379,33277,61044,30,49.1448791,343,10216,10894,177.97084548104957
JACKSON,2015,4350,36455,63360,29,45.77020202,343,9613,9547,184.72303206997086
JACKSON,2017,4716,40982,67519,22,32.58342096,343,14976,13376,196.84839650145773
JACKSON,2020,4458,47450,78281,48,61.31756109,343,15621,12166,228.22448979591837
JASPER,2013,820,30132,13601,7,51.46680391,373.5,2109,1950,36.41499330655957
JASPER,2015,852,33418,13635,6,44.00440044,373.5,2078,1600,36.506024096385545
JASPER,2017,960,38630,13964,5,35.80635921,373.5,2137,1650,37.38688085676038
JASPER,2020,1059,43856,14599,3,20.5493527,373.5,2176,1965,39.08701472556894
JEFF DAVIS,2013,1005,27972,15004,4,26.65955745,335.4,2500,2480,44.73464519976148
JEFF DAVIS,2015,964,28998,14920,7,46.91689008,335.4,2128,1971,44.484197972570065
JEFF DAVIS,2017,891,28718,15025,7,46.5890183,335.4,2447,1647,44.797257006559335
JEFF DAVIS,2020,906,35062,15249,8,52.46245655,335.4,2197,1673,45.46511627906977
JEFFERSON,2013,1453,27734,16320,7,42.89215686,529.7,3178,3041,30.809892391919952
JEFFERSON,2015,1356,29058,16106,8,49.67093009,529.7,2522,2309,30.40589012648669
JEFFERSON,2017,1042,32079,15648,7,44.73415133,529.7,2521,1808,29.541249764017365
JEFFERSON,2020,1362,38486,15238,5,32.81270508,529.7,2988,2781,28.767226732112515
JENKINS,2013,566,25372,9269,5,53.9432517,352.5,1584,1425,26.295035460992906
JENKINS,2015,565,27488,8957,4,44.65780953,352.5,1389,1096,25.409929078014184
JENKINS,2017,584,28691,8767,1,11.4064104,352.5,1473,1067,24.870921985815603
JENKINS,2020,641,35372,8498,3,35.3024241,352.5,1613,1127,24.107801418439717
JOHNSON,2013,770,22228,9767,6,61.43135047,306.6,2017,1830,31.855838225701238
JOHNSON,2015,681,23676,9656,4,41.42502071,306.6,1727,1409,31.493803000652314
JOHNSON,2017,750,25087,9788,2,20.43318349,306.6,1972,1626,31.924331376386167
JOHNSON,2020,1080,31063,9517,3,31.52253862,306.6,1963,1745,31.040443574690148
JONES,2013,2037,32235,28569,4,14.0011901,395.4,4955,5114,72.25341426403642
JONES,2015,2118,34876,28494,4,14.0380431,395.4,4794,4448,72.06373292867983
JONES,2017,2135,36576,28470,3,10.5374078,395.4,4943,3662,72.00303490136571
JONES,2020,2123,40731,28845,5,17.33402669,395.4,5272,4476,72.95144157814872
LAMAR,2013,1136,28915,17959,7,38.97767136,185.8,3014,2907,96.65769644779331
LAMAR,2015,1118,30788,18201,8,43.95362892,185.8,2833,2384,97.96017222820237
LAMAR,2017,1255,32877,18599,7,37.63643207,185.8,3064,2151,100.10226049515607
LAMAR,2020,1234,38930,19309,7,36.25252473,185.8,2911,2674,103.92357373519913
LANIER,2013,555,23357,10408,3,28.82398155,199.8,1809,1778,52.09209209209209
LANIER,2015,635,25760,10312,3,29.09231963,199.8,1604,1630,51.61161161161161
LANIER,2017,699,27686,10425,3,28.77697842,199.8,1838,1257,52.17717717717717
LANIER,2020,784,33315,10559,2,18.94118761,199.8,1848,1793,52.847847847847845
LAURENS,2013,4335,30342,47999,70,145.8363716,818.5,11672,10915,58.64263897373244
LAURENS,2015,4625,32489,47731,63,131.9896922,818.5,10540,10382,58.315210751374465
LAURENS,2017,4876,34703,47330,70,147.8977393,818.5,11508,10864,57.82529016493586
LAURENS,2020,5144,40071,47966,64,133.4278447,818.5,13512,11954,58.60232131948687
LEE,2013,1547,38782,29071,9,30.95868735,361.8,5173,4001,80.3510226644555
LEE,2015,2020,40524,29202,10,34.24422985,361.8,4728,3261,80.71310116086235
LEE,2017,2290,42205,29470,13,44.11265694,361.8,5028,3789,81.4538419016031
LEE,2020,2316,46904,30474,12,39.37783028,361.8,6177,3833,84.22885572139303
LIBERTY,2013,3102,30518,64135,29,45.21712014,602.5,13060,9813,106.44813278008299
LIBERTY,2015,3130,32445,62467,30,48.02535739,602.5,11131,8786,103.67966804979253
LIBERTY,2017,4210,33549,61386,30,48.8710781,602.5,10225,10839,101.88547717842323
LIBERTY,2020,4122,37957,63093,36,57.05862774,602.5,15276,11187,104.71867219917013
LINCOLN,2013,562,31062,7751,2,25.80312218,257.3,1436,1422,30.124368441507965
LINCOLN,2015,610,34345,7673,2,26.06542421,257.3,1240,1017,29.821220365332294
LINCOLN,2017,593,36563,7880,2,25.38071066,257.3,1366,1106,30.62572872133696
LINCOLN,2020,707,45093,7913,3,37.91229622,257.3,1264,1348,30.75398367664205
LONG,2013,774,30782,16624,0,0,403.8,2508,2410,41.16889549281822
LONG,2015,813,30542,17731,0,0,403.8,2567,1953,43.91035165923724
LONG,2017,927,31136,19014,1,5.259282634,403.8,2662,2040,47.08766716196136
LONG,2020,1128,36305,20495,2,9.758477677,403.8,2617,2624,50.75532441802873
LOWNDES,2013,7786,31199,112916,57,50.48000283,510.6,21728,22040,221.14375244810026
LOWNDES,2015,8841,33529,112865,62,54.93288442,510.6,24192,20008,221.04386995691343
LOWNDES,2017,10684,35453,115489,72,62.34359982,510.6,26336,21986,226.18292205248727
LOWNDES,2020,9671,41402,119600,94,78.59531773,510.6,29439,22516,234.23423423423424
LUMPKIN,2013,1951,30936,30918,12,38.81234232,284.2,5187,4708,108.78958479943702
LUMPKIN,2015,2071,34489,31408,11,35.0229241,284.2,5491,4411,110.5137227304715
LUMPKIN,2017,2106,36471,32873,9,27.37809144,284.2,5708,4409,115.66854327938073
LUMPKIN,2020,2118,41703,35032,15,42.81799498,284.2,6033,3790,123.26530612244899
MACON,2013,961,27439,14009,5,35.69134128,406,2689,2502,34.504926108374384
MACON,2015,1185,30413,13632,6,44.014084510000004,406,2246,2160,33.576354679802954
MACON,2017,1111,32004,13314,12,90.1306895,406,2505,2396,32.793103448275865
MACON,2020,1125,36073,12521,5,39.93291271,406,2013,2185,30.839901477832512
MADISON,2013,2065,31387,28057,4,14.25669173,285.6,5448,5199,98.23879551820727
MADISON,2015,1964,34301,28441,8,28.12840617,285.6,5061,4196,99.58333333333333
MADISON,2017,1937,36183,29302,9,30.71462699,285.6,4683,3720,102.59803921568627
MADISON,2020,2339,39779,30356,5,16.47120833,285.6,6481,5499,106.28851540616246
MARION,2013,653,25328,8640,1,11.57407407,367.2,1528,1356,23.529411764705884
MARION,2015,721,27439,8761,3,34.24266636,367.2,1394,1236,23.85893246187364
MARION,2017,710,30030,8450,2,23.66863905,367.2,1659,1156,23.0119825708061
MARION,2020,595,35876,8331,2,24.00672188,367.2,1260,1148,22.687908496732028
MCDUFFIE,2013,2170,29929,21565,13,60.28286575,266.3,4061,3885,80.98009763424709
MCDUFFIE,2015,1584,32288,21540,10,46.42525534,266.3,3246,2895,80.88621855050694
MCDUFFIE,2017,1543,34418,21498,13,60.47074146,266.3,3233,2761,80.7285016898235
MCDUFFIE,2020,1834,40851,20872,14,67.07550786,266.3,4406,2951,78.37776943297033
MCINTOSH,2013,1269,27403,14007,3,21.4178625,573.9,2537,2357,24.406691061160483
MCINTOSH,2015,1166,31724,13969,2,14.31741714,573.9,2368,1900,24.340477435093224
MCINTOSH,2017,1345,35484,14106,1,7.089181908,573.9,2615,2331,24.57919498170413
MCINTOSH,2020,1371,44612,14490,1,6.901311249,573.9,2432,2251,25.248301097752222
MERIWETHER,2013,1583,28842,21232,7,32.96910324,505.1,3884,3612,42.03524054642645
MERIWETHER,2015,1710,31251,21190,10,47.19207173,505.1,3387,2865,41.95208869530786
MERIWETHER,2017,1863,33503,21049,9,42.75737565,505.1,3699,3238,41.67293605226688
MERIWETHER,2020,1975,40598,21313,6,28.15183222,505.1,4861,3825,42.19560483072659
MILLER,2013,386,33988,5932,4,67.43088334,283.7,958,957,20.909411350017624
MILLER,2015,394,35760,5854,6,102.4940212,283.7,887,763,20.63447303489602
MILLER,2017,375,37803,5838,5,85.6457691,283.7,914,688,20.57807543179415
MILLER,2020,417,47693,5786,4,69.13238852,283.7,818,665,20.394783221713077
MITCHELL,2013,1714,29079,23045,12,52.07203298,513.8,3912,4290,44.852082522382254
MITCHELL,2015,1878,32570,22574,11,48.72862585,513.8,3601,3862,43.93538341767225
MITCHELL,2017,1494,33802,22292,12,53.83097075,513.8,3467,3424,43.38653172440639
MITCHELL,2020,1664,41465,21319,10,46.90651531,513.8,3353,3045,41.49279875437914
MONROE,2013,1966,37040,26984,14,51.88259709,398.3,4774,4464,67.74792869696209
MONROE,2015,2047,41027,27103,13,47.96516991,398.3,4577,3869,68.04669846849109
MONROE,2017,1939,42855,27113,12,44.25921145,398.3,4806,3760,68.07180517198091
MONROE,2020,2308,48798,27728,11,39.67109059,398.3,3933,4728,69.61586743660557
MONTGOMERY,2013,651,26487,9021,4,44.34098215,244.7,1853,1748,36.865549652635885
MONTGOMERY,2015,560,29180,8951,0,0,244.7,1471,1477,36.579485083776056
MONTGOMERY,2017,556,30008,9031,1,11.07297088,244.7,1480,1172,36.90641601961586
MONTGOMERY,2020,648,35668,9180,0,0,244.7,1424,1086,37.515324887617496
MORGAN,2013,1108,37650,17781,6,33.74388392,354.6,2826,2824,50.14382402707275
MORGAN,2015,1219,42759,18046,8,44.33115372,354.6,2828,2208,50.89114495205865
MORGAN,2017,1251,47376,18412,12,65.17488594,354.6,3033,2315,51.92329385222786
MORGAN,2020,1622,53448,20166,9,44.62957453,354.6,3686,3252,56.86971235194585
MURRAY,2013,2823,25542,39267,10,25.46667685,346.7,7038,8056,113.25930199019325
MURRAY,2015,3415,27522,39565,10,25.27486415,346.7,6437,6982,114.11883472743006
MURRAY,2017,2903,29359,39782,12,30.16439596,346.7,8650,5094,114.74473608306894
MURRAY,2020,3737,33208,40402,12,29.70149993,346.7,11134,7710,116.5330256706086
MUSCOGEE,2013,17109,34996,202824,254,125.231728,221,42312,39444,917.7556561085972
MUSCOGEE,2015,18344,38013,200579,260,129.6247364,221,44689,36186,907.5972850678733
MUSCOGEE,2017,17637,39997,194058,215,110.791619,221,51866,40188,878.0904977375566
MUSCOGEE,2020,17668,44073,198969,293,147.2591208,221,50863,37542,900.3122171945702
NEWTON,2013,6255,29127,102446,36,35.14046424,279.2,18530,19208,366.9269340974212
NEWTON,2015,7506,31186,105473,42,39.8206176,279.2,17769,16143,377.7686246418338
NEWTON,2017,10328,32798,108078,37,34.23453432,279.2,25458,19330,387.09885386819485
NEWTON,2020,9221,38876,116390,33,28.35295128,279.2,28582,20945,416.86962750716333
OCONEE,2013,1746,49640,34035,30,88.14455707,186.4,5858,4410,182.5912017167382
OCONEE,2015,1733,57954,35965,37,102.8777979,186.4,5758,4562,192.9452789699571
OCONEE,2017,1929,62547,38028,44,115.7042179,186.4,5590,4525,204.0128755364807
OCONEE,2020,2672,71183,41884,45,107.4395951,186.4,7550,5193,224.69957081545064
OGLETHORPE,2013,1019,32324,14548,2,13.74759417,442,2609,2356,32.914027149321264
OGLETHORPE,2015,1087,35400,14871,2,13.44899469,442,2453,2179,33.6447963800905
OGLETHORPE,2017,998,37246,14877,2,13.44357061,442,2683,1990,33.658371040723985
OGLETHORPE,2020,1107,40391,15617,0,0,442,2595,2244,35.33257918552036
PAULDING,2013,9890,31237,146950,25,17.01258932,314.4,25430,24813,467.39821882951657
PAULDING,2015,9848,34647,152238,29,19.04912046,314.4,24774,20674,484.21755725190843
PAULDING,2017,10425,37389,159445,34,21.32396751,314.4,37746,24830,507.1405852417303
PAULDING,2020,14182,43299,177895,45,25.29582057,314.4,39912,26824,565.8237913486006
PEACH,2013,1867,31280,27014,7,25.91248982,151.3,4497,5009,178.54593522802378
PEACH,2015,1884,34444,26720,11,41.16766467,151.3,4380,3902,176.6027759418374
PEACH,2017,1927,36846,27099,9,33.21155762,151.3,4964,3473,179.10773298083276
PEACH,2020,2292,41448,27912,14,50.15763829,151.3,4181,3664,184.48116325181758
PICKENS,2013,2363,38476,29584,24,81.1249324,232.7,4724,4420,127.1336484744306
PICKENS,2015,2453,41857,30309,22,72.58570062,232.7,5107,5113,130.24924795874517
PICKENS,2017,2577,45941,31588,22,69.64670128,232.7,5148,4342,135.745595186936
PICKENS,2020,3263,52304,33745,27,80.01185361,232.7,7036,5038,145.0150408250967
PIERCE,2013,1198,29522,18938,4,21.12155455,343.2,3164,3497,55.180652680652685
PIERCE,2015,1354,32146,19103,4,20.93911951,343.2,3030,2742,55.66142191142191
PIERCE,2017,1502,34695,19307,3,15.53840576,343.2,3205,2316,56.255827505827504
PIERCE,2020,1889,40089,19619,4,20.388399,343.2,3829,3288,57.16491841491842
PIKE,2013,1067,31945,17796,1,5.619240279,219.4,2641,2579,81.11212397447584
PIKE,2015,1000,35003,17941,1,5.573825316,219.4,2821,2366,81.77301731996353
PIKE,2017,1011,38501,18217,3,16.46813416,219.4,3155,2438,83.0309936189608
PIKE,2020,1613,45095,19592,2,10.20824826,219.4,3194,2852,89.29808568824065
POLK,2013,2571,26738,41183,23,55.84828691,312.1,7195,7659,131.9545017622557
POLK,2015,2416,29454,41524,21,50.57316251,312.1,6655,6378,133.0471002883691
POLK,2017,2809,30839,42085,21,49.8990139,312.1,6960,5411,134.84460108939442
POLK,2020,3972,36460,43147,18,41.71784829,312.1,10287,8377,138.24735661646906
PULASKI,2013,933,26867,11542,10,86.64009704,251.2,2259,2293,45.947452229299365
PULASKI,2015,884,29155,11396,12,105.3001053,251.2,1987,1855,45.36624203821656
PULASKI,2017,918,32659,11201,11,98.20551736,251.2,2215,1919,44.58996815286624
PULASKI,2020,1267,37981,11251,10,88.88098836,251.2,2138,1898,44.78901273885351
PUTNAM,2013,1721,34294,21371,9,42.11314398,360.7,3890,3049,59.248683116163015
PUTNAM,2015,1646,37675,21353,8,37.46546153,360.7,3378,2821,59.1987801497089
PUTNAM,2017,1968,41238,21730,7,32.21352968,360.7,3654,3112,60.24397005822013
PUTNAM,2020,1726,49113,22717,10,44.01989699,360.7,3727,4193,62.98031605212088
QUITMAN,2013,222,26079,2367,1,42.24757076,160.6,417,413,14.738480697384807
QUITMAN,2015,207,27794,2302,0,0,160.6,380,314,14.333748443337486
QUITMAN,2017,189,28931,2358,0,0,160.6,424,360,14.68244084682441
QUITMAN,2020,211,39618,2377,0,0,160.6,314,319,14.800747198007473
RABUN,2013,1466,32703,16235,11,67.754850630000007,377,3268,2577,43.06366047745358
RABUN,2015,1546,36691,16281,12,73.70554634,377,2805,3053,43.185676392572944
RABUN,2017,1203,41003,16602,11,66.25707746,377,3128,2428,44.03713527851459
RABUN,2020,1637,45591,17697,14,79.10945358,377,2955,2741,46.94164456233422
RANDOLPH,2013,587,29019,7197,4,55.57871335,430.9,1247,1281,16.702251102343933
RANDOLPH,2015,563,29319,7193,4,55.60962046,430.9,1150,1014,16.692968206080298
RANDOLPH,2017,506,31615,7075,3,42.40282686,430.9,1248,853,16.419122766303087
RANDOLPH,2020,593,40796,6710,2,29.80625931,430.9,1093,906,15.572058482246462
RICHMOND,2013,17483,30825,202003,349,172.7697113,328.6,47231,38307,614.7382836275106
RICHMOND,2015,20537,33611,201793,340,168.4894917,328.6,41978,39702,614.0992087644552
RICHMOND,2017,17148,35364,201800,347,171.9524281,328.6,50602,41727,614.1205112598903
RICHMOND,2020,23281,41139,204220,463,226.7162864,328.6,57425,42569,621.4850882531954
ROCKDALE,2013,7783,30211,86919,69,79.38425431,132.1,18391,15681,657.9788039364119
ROCKDALE,2015,6388,32428,88856,82,92.28414513,132.1,14808,15419,672.6419379258137
ROCKDALE,2017,7008,33242,90312,78,86.36726016,132.1,20285,17477,683.663890991673
ROCKDALE,2020,6677,38989,91678,82,89.44348699,132.1,23000,13542,694.0045420136261
SCHLEY,2013,310,27457,5089,1,19.65022598,167.8,749,728,30.327771156138258
SCHLEY,2015,305,31272,5168,0,0,167.8,752,593,30.798569725864123
SCHLEY,2017,325,33021,5213,0,0,167.8,815,592,31.06674612634088
SCHLEY,2020,355,40815,5311,0,0,167.8,688,575,31.650774731823596
SCREVEN,2013,979,29083,14240,4,28.08988764,655.9,2852,2418,21.710626619911572
SCREVEN,2015,1093,30199,14162,3,21.18344867,655.9,2363,2036,21.591706052751945
SCREVEN,2017,1083,32567,13953,4,28.66767004,655.9,2832,2251,21.273059917670377
SCREVEN,2020,1127,37679,13978,2,14.3081986,655.9,2892,2427,21.311175484067693
SEMINOLE,2013,655,38599,8945,6,67.07657909,256.6,1420,1450,34.85970381917381
SEMINOLE,2015,620,36995,8647,7,80.95293165,256.6,1310,1386,33.69836321122369
SEMINOLE,2017,581,37070,8292,6,72.35890014,256.6,1376,1070,32.31488698363211
SEMINOLE,2020,729,45167,7730,8,103.4928849,256.6,1231,1259,30.124707716289944
SPALDING,2013,4799,29484,63829,33,51.70063764,199.6,10329,10790,319.78456913827654
SPALDING,2015,5028,31625,64051,37,57.76646735,199.6,10643,9154,320.8967935871744
SPALDING,2017,5313,33024,65380,34,52.00367085,199.6,15336,10587,327.5551102204409
SPALDING,2020,4731,38420,67895,36,53.0230503,199.6,15723,14924,340.1553106212425
STEPHENS,2013,1841,31391,25683,19,73.97889655,183.9,4013,3886,139.65742251223492
STEPHENS,2015,1669,35740,25586,21,82.07613539,183.9,4231,3653,139.1299619358347
STEPHENS,2017,1977,35871,25890,21,81.11239861,183.9,5382,3604,140.78303425774877
STEPHENS,2020,2101,39309,25761,23,89.28224836,183.9,3640,3755,140.08156606851549
STEWART,2013,427,23882,5868,3,51.12474438,463.6,992,924,12.65746333045729
STEWART,2015,407,23199,5851,3,51.27328662,463.6,1012,784,12.620793787748058
STEWART,2017,395,24692,5985,4,66.83375104,463.6,1032,790,12.90983606557377
STEWART,2020,449,30574,6993,4,57.2000572,463.6,956,875,15.084124245038826
SUMTER,2013,2263,29981,31364,25,79.70922076,492.6,5967,5240,63.67032074705643
SUMTER,2015,2386,32076,30779,27,87.72214822,492.6,4980,5387,62.482744620381645
SUMTER,2017,2232,34521,29847,21,70.35883003,492.6,5379,4199,60.59074299634592
SUMTER,2020,3094,40077,28980,21,72.46376812,492.6,5670,5490,58.830694275274055
TALBOT,2013,584,29607,6456,2,30.97893432,394.8,1239,1227,16.35258358662614
TALBOT,2015,568,31514,6337,2,31.5606754,394.8,1228,1066,16.051165146909828
TALBOT,2017,540,35724,6249,1,16.00256041,394.8,1137,829,15.828267477203648
TALBOT,2020,537,43391,6005,0,0,394.8,949,787,15.210233029381966
TALIAFERRO,2013,141,28541,1703,0,0,195.3,308,289,8.719918074756784
TALIAFERRO,2015,139,32484,1639,0,0,195.3,280,220,8.39221710189452
TALIAFERRO,2017,131,32764,1628,0,0,195.3,276,213,8.33589349718382
TALIAFERRO,2020,143,38125,1387,0,0,195.3,212,203,7.10189452124936
TATTNALL,2013,1515,25797,25526,9,35.25816814,488.3,4506,4635,52.275240630759775
TATTNALL,2015,1842,29241,25229,13,51.52800349,488.3,4819,4995,51.6670079868933
TATTNALL,2017,2340,30505,25334,8,31.57811637,488.3,5114,4033,51.88203972967438
TATTNALL,2020,1882,31015,24888,6,24.10800386,488.3,4355,4737,50.96866680319476
TAYLOR,2013,598,26198,8464,1,11.8147448,379.7,1396,1405,22.29128259151962
TAYLOR,2015,622,27402,8330,2,24.00960384,379.7,1311,1107,21.938372399262576
TAYLOR,2017,523,29660,8142,0,0,379.7,1431,1102,21.443244666842244
TAYLOR,2020,788,35174,8020,0,0,379.7,1277,1233,21.121938372399264
TELFAIR,2013,1306,18936,16591,7,42.19154964,444,3327,3726,37.36711711711712
TELFAIR,2015,1123,21603,16400,4,24.3902439,444,2681,2819,36.93693693693694
TELFAIR,2017,1112,24006,15989,4,25.01719932,444,2778,2268,36.01126126126126
TELFAIR,2020,1887,27953,15632,4,25.58853634,444,4345,2833,35.207207207207205
TERRELL,2013,710,35874,9022,3,33.25205054,337.7,1560,1483,26.716020136215576
TERRELL,2015,626,34159,9113,1,10.9733348,337.7,1429,1125,26.985490079952623
TERRELL,2017,580,35445,8729,3,34.36819796,337.7,1467,1057,25.848386141545753
TERRELL,2020,630,42725,8419,3,35.63368571,337.7,1115,1236,24.93041160793604
THOMAS,2013,3652,35941,44869,50,111.4355123,552.2,9189,6983,81.25498007968127
THOMAS,2015,3490,39645,45063,47,104.2984266,552.2,7656,6443,81.60630206446939
THOMAS,2017,3864,41126,44779,49,109.4262936,552.2,8665,6632,81.09199565374864
THOMAS,2020,4049,47490,44685,59,132.0353586,552.2,8113,9161,80.92176747555233
TIFT,2013,3196,31003,40286,42,104.2545798,268.8,7927,8078,149.8735119047619
TIFT,2015,2865,35722,40764,52,127.5635365,268.8,6662,6565,151.6517857142857
TIFT,2017,2828,35112,40598,50,123.1587763,268.8,7746,8368,151.03422619047618
TIFT,2020,4125,41453,40848,54,132.1974148,268.8,9736,8184,151.9642857142857
TOOMBS,2013,2309,31402,27273,25,91.66575001,371,4909,4459,73.5121293800539
TOOMBS,2015,1817,32905,27241,23,84.43155538,371,4481,3967,73.42587601078166
TOOMBS,2017,2021,33561,26999,30,111.1152265,371,4733,4266,72.77358490566037
TOOMBS,2020,1810,39384,26686,34,127.4076295,371,6194,4620,71.92991913746631
TOWNS,2013,802,31298,10771,8,74.27351221,171.8,1777,1872,62.694994179278225
TOWNS,2015,844,33508,11182,10,89.42944017,171.8,1735,1765,65.08731082654249
TOWNS,2017,862,36165,11506,10,86.91117678,171.8,2005,1677,66.9732246798603
TOWNS,2020,1143,44133,12379,10,80.78196946,171.8,2038,1934,72.05471478463329
TREUTLEN,2013,448,26016,6712,0,0,202.4,1115,1252,33.162055335968375
TREUTLEN,2015,417,27586,6785,0,0,202.4,1107,1060,33.52272727272727
TREUTLEN,2017,381,29977,6740,0,0,202.4,1056,924,33.30039525691699
TREUTLEN,2020,584,35317,7077,0,0,202.4,1148,1207,34.965415019762844
TROUP,2013,5088,31935,69053,35,50.68570518,446,11342,12419,154.8273542600897
TROUP,2015,4533,33891,69763,46,65.93753136,446,11315,10612,156.41928251121075
TROUP,2017,4438,34700,69786,40,57.31808672,446,14594,11982,156.47085201793723
TROUP,2020,5667,41256,69610,56,80.44821146,446,19085,13881,156.07623318385652
TURNER,2013,576,28927,8134,2,24.58814851,290,1412,1307,28.048275862068966
TURNER,2015,554,31127,8214,1,12.1743365,290,1251,1012,28.324137931034482
TURNER,2017,570,30352,7961,1,12.56123603,290,1346,1073,27.451724137931034
TURNER,2020,709,34183,8139,0,0,290,1191,994,28.06551724137931
TWIGGS,2013,647,31796,8481,0,0,362.6,1494,1393,23.389409817981246
TWIGGS,2015,661,34447,8390,1,11.91895113,362.6,1497,1189,23.138444567015995
TWIGGS,2017,635,37646,8174,2,24.46782481,362.6,1409,1062,22.542746828461112
TWIGGS,2020,719,41146,8012,1,12.48127808,362.6,1084,1173,22.095973524544952
UNION,2013,2468,30754,21566,19,88.10164147,329.1,4005,3853,65.53023397143726
UNION,2015,2360,34433,22267,23,103.2918669,329.1,3914,3856,67.66028562746885
UNION,2017,2039,36781,23459,22,93.78063856,329.1,4212,3640,71.28228501975083
UNION,2020,1882,41837,25723,21,81.63900012,329.1,4644,4587,78.16165299301123
UPSON,2013,1901,29054,26566,22,82.81261763,327.6,4570,5043,81.09279609279609
UPSON,2015,1914,31185,26368,21,79.64199029,327.6,4390,3707,80.48840048840049
UPSON,2017,1581,32490,26135,23,88.00459154,327.6,4216,3856,79.77716727716727
UPSON,2020,2085,37311,26590,25,94.02030839,327.6,5118,5059,81.16605616605617
WALKER,2013,5549,28368,68198,18,26.39373589,446.9,13999,14812,152.6023718952786
WALKER,2015,6857,30375,68066,13,19.09910969,446.9,12866,13664,152.307003803983
WALKER,2017,7303,32447,68939,12,17.40669287,446.9,14195,14077,154.2604609532334
WALKER,2020,6686,37808,70397,13,18.46669602,446.9,14114,13704,157.52293577981652
WALTON,2013,6008,32537,85754,44,51.309559900000004,330,16808,13613,259.8606060606061
WALTON,2015,5431,36033,88399,40,45.24938065,330,15101,13729,267.8757575757576
WALTON,2017,6840,39072,91600,35,38.20960699,330,18602,18280,277.57575757575756
WALTON,2020,7107,46685,97375,45,46.21309371,330,23752,13628,295.07575757575756
WARE,2013,2813,27978,35709,39,109.216164,908,7059,6753,39.32709251101321
WARE,2015,2743,30500,35370,38,107.43568,908,5913,5385,38.95374449339207
WARE,2017,2536,32175,35871,39,108.7229238,908,6991,5767,39.50550660792952
WARE,2020,3217,36443,36028,46,127.6784723,908,7294,7551,39.6784140969163
WARREN,2013,434,27833,5558,3,53.97625045,286.7,991,996,19.386117893268224
WARREN,2015,434,31186,5460,1,18.31501832,286.7,905,729,19.044297174747122
WARREN,2017,457,32792,5303,1,18.85725061,286.7,849,692,18.496686431810254
WARREN,2020,490,40325,5268,1,18.98253607,286.7,849,780,18.374607603767004
WASHINGTON,2013,1599,30297,20676,18,87.05745792,684.4,3655,4021,30.210403272939804
WASHINGTON,2015,1406,31662,20816,16,76.86395081,684.4,3660,2847,30.414962010520163
WASHINGTON,2017,1622,34192,20313,19,93.53615911,684.4,3853,2813,29.68001168907072
WASHINGTON,2020,1897,39941,20302,16,78.80996946,684.4,3038,3327,29.66393921683226
WAYNE,2013,2285,27306,30077,20,66.49599362,648.7,5346,6059,46.365037767843376
WAYNE,2015,2185,29362,29534,21,71.10448974,648.7,5159,4275,45.52797903499306
WAYNE,2017,2042,29682,29817,16,53.66066338,648.7,6228,3828,45.964236164636965
WAYNE,2020,2704,35791,30161,15,49.73309904,648.7,5023,5825,46.4945275165716
WEBSTER,2013,194,30471,2719,0,0,210.6,460,438,12.910731244064579
WEBSTER,2015,205,30803,2648,0,0,210.6,436,349,12.573599240265906
WEBSTER,2017,198,34070,2605,0,0,210.6,440,322,12.369420702754036
WEBSTER,2020,209,39904,2609,0,0,210.6,362,321,12.388414055080721
WHEELER,2013,558,17717,7909,2,25.28764698,300.3,1583,1553,26.336996336996336
WHEELER,2015,526,18130,7903,0,0,300.3,1348,1155,26.317016317016314
WHEELER,2017,505,19021,7952,1,12.57545272,300.3,1459,969,26.48018648018648
WHEELER,2020,553,22265,7769,3,38.61500837,300.3,1288,1386,25.87079587079587
WHITE,2013,1818,29656,27797,7,25.18257366,242.3,4581,4705,114.7214197276104
WHITE,2015,2058,34336,28319,6,21.18718881,242.3,4690,3806,116.87577383408997
WHITE,2017,2120,37350,29453,9,30.55715886,242.3,5365,3483,121.55592241023524
WHITE,2020,2425,43654,32418,13,40.10117836,242.3,5310,4826,133.79281881964505
WHITFIELD,2013,7532,30312,102945,73,70.91165185,291.1,18965,20114,353.6413603572655
WHITFIELD,2015,7412,35128,104216,75,71.96591694,291.1,18702,18457,358.00755754036413
WHITFIELD,2017,8403,36279,104658,76,72.61747788,291.1,21705,20150,359.5259361044314
WHITFIELD,2020,9918,42967,105386,86,81.60476724,291.1,26822,21135,362.02679491583643
WILCOX,2013,582,22916,8960,3,33.48214286,382.1,1637,1573,23.449358806595132
WILCOX,2015,589,24640,8857,2,22.58100937,382.1,1435,1268,23.179795864956816
WILCOX,2017,686,26468,8800,3,34.09090909,382.1,1620,1212,23.03062025647736
WILCOX,2020,647,28791,8251,3,36.35922918,382.1,1435,1323,21.59382360638576
WILKES,2013,795,32886,10010,8,79.92007992,474.1,1677,1557,21.113689095127608
WILKES,2015,826,36916,9867,7,70.9435492,474.1,1553,1453,20.812064965197216
WILKES,2017,918,40215,9892,6,60.65507481,474.1,1538,1413,20.864796456443788
WILKES,2020,1020,42687,9603,1,10.41341248,474.1,1544,1758,20.25522041763341
WILKINSON,2013,641,30383,9432,5,53.01102629,451.9,1580,1474,20.871874308475327
WILKINSON,2015,690,33254,9155,4,43.6919716,451.9,1420,1245,20.258906837795973
WILKINSON,2017,587,34034,8959,4,44.64784016,451.9,1409,1086,19.82518256251383
WILKINSON,2020,716,39924,8776,5,56.97356427,451.9,1267,1204,19.420225713653466
WORTH,2013,1644,28707,21291,7,32.87774177,574.8,4085,4102,37.04070981210856
WORTH,2015,1648,30015,20699,10,48.31151263,574.8,3506,3510,36.01078636047321
WORTH,2017,1677,31977,20533,8,38.96167146,574.8,3648,2681,35.72199025748087
WORTH,2020,1916,38257,20137,5,24.82991508,574.8,3589,4086,35.03305497564371
